id,workbook_row,variable,meaning,priority,mode,implementation,evidence_group,mapping,remaining_work
I009,6,Authority.ActiveWriter,"Current mutation class accepted by the board scheduler: None, DAQ, SlowControls, Expert, or DPSInhibit.",Required,Both,contract-pending,authority,No board-side authority/lease/permit/safe-state contract exported,"Establish approved principal/role, lease, DPS admission and physical safe-state contracts; a serialized executor is not authority."
I010,7,Authority.AuthorityLeaseId,"Opaque identifier for the active board-side serialization token, if leases are used.",Required,Both,contract-pending,authority,No board-side authority/lease/permit/safe-state contract exported,"Establish approved principal/role, lease, DPS admission and physical safe-state contracts; a serialized executor is not authority."
I011,8,Authority.AuthorityLeaseExpiresAt,"Expiry of the active board-side serialization token, if leases are used.",Required,Both,contract-pending,authority,No board-side authority/lease/permit/safe-state contract exported,"Establish approved principal/role, lease, DPS admission and physical safe-state contracts; a serialized executor is not authority."
I018,9,Authority.DaqConfigureAllowed,"All applicable SC/DPS permits, external-activity admission rules, and state guards allow a DAQ-role OPC-UA configuration request.",Required,Both,contract-pending,authority,No board-side authority/lease/permit/safe-state contract exported,"Establish approved principal/role, lease, DPS admission and physical safe-state contracts; a serialized executor is not authority."
I025,10,Authority.SafeStateActive,Observed board safe-state postconditions are satisfied; do not infer this from a requested trip or enable bit alone.,Required,Both,contract-pending,authority,No board-side authority/lease/permit/safe-state contract exported,"Establish approved principal/role, lease, DPS admission and physical safe-state contracts; a serialized executor is not authority."
I027,11,Authority.LastOvertakeReason,Reason DAQ authority was removed or superseded by a safe-state/inhibit action.,Required,Both,contract-pending,authority,No board-side authority/lease/permit/safe-state contract exported,"Establish approved principal/role, lease, DPS admission and physical safe-state contracts; a serialized executor is not authority."
I029,12,Command Audit.LastCommandId,Opaque identifier of the latest accepted or rejected mutation.,Required,Both,partial,audit,ServerState.last_configuration_result; executor_request_type/task_id/request_msg_id while busy,"Record every accepted/rejected mutation with stable ID/name/route/correlation and terminal outcome, not only Configure."
I030,13,Command Audit.LastCommandName,Canonical name of the latest mutating request.,Required,Both,partial,audit,ServerState.last_configuration_result; executor_request_type/task_id/request_msg_id while busy,"Record every accepted/rejected mutation with stable ID/name/route/correlation and terminal outcome, not only Configure."
I031,14,Command Audit.LastCommandClass,"DAQ, SC, expert, or protection command class.",Required,Both,contract-pending,audit,No authenticated command-class/requester/authority provenance,Define trusted identity propagation and board enforcement; never label ZMQ routing IDs as authenticated principals.
I032,15,Command Audit.LastCommandRequester,Authenticated user or service identity that requested the mutation.,Required,Both,contract-pending,audit,No authenticated command-class/requester/authority provenance,Define trusted identity propagation and board enforcement; never label ZMQ routing IDs as authenticated principals.
I033,16,Command Audit.LastCommandAuthority,Authority held when the request was evaluated.,Required,Both,contract-pending,audit,No authenticated command-class/requester/authority provenance,Define trusted identity propagation and board enforcement; never label ZMQ routing IDs as authenticated principals.
I034,17,Command Audit.LastCommandRoute,Logical board/mezzanine/AFE/channel route used for the request.,Required,Both,partial,audit,ServerState.last_configuration_result; executor_request_type/task_id/request_msg_id while busy,"Record every accepted/rejected mutation with stable ID/name/route/correlation and terminal outcome, not only Configure."
I035,18,Command Audit.LastCommandCorrelationId,Transport correlation identifier for request/reply audit.,Required,Both,partial,audit,ServerState.last_configuration_result; executor_request_type/task_id/request_msg_id while busy,"Record every accepted/rejected mutation with stable ID/name/route/correlation and terminal outcome, not only Configure."
I036,19,Command Audit.LastCommandRequestTime,UTC source time at request receipt.,Required,Both,partial,audit,ConfigurationResult.started_monotonic_ns at executor start,Add actual receipt time and queue/execution distinction with wall-clock quality; monotonic executor start is not UTC receipt.
I037,20,Command Audit.LastCommandCompletionTime,UTC source time at terminal completion.,Required,Both,partial,audit,ConfigurationResult.completed_monotonic_ns/completed_host_unix_ns,Extend terminal event time to all mutations and retain unverified UTC quality.
I038,21,Command Audit.LastCommandState,"Rejected, Accepted, Running, Succeeded, Failed, or TimedOut.",Required,Both,partial,audit,ServerState.last_configuration_result; executor_request_type/task_id/request_msg_id while busy,"Record every accepted/rejected mutation with stable ID/name/route/correlation and terminal outcome, not only Configure."
I039,22,Command Audit.LastCommandResult,Bounded completion or rejection detail.,Required,Both,partial,audit,ServerState.last_configuration_result; executor_request_type/task_id/request_msg_id while busy,"Record every accepted/rejected mutation with stable ID/name/route/correlation and terminal outcome, not only Configure."
I040,23,Command Audit.LastCommandReadbackVerified,Required physical/readback postcondition was verified.,Required,Both,partial,audit,Configure hardware_started/applied hash; selected low-level AFE readback checks,Define and record per-command required physical/readback postconditions; execution/hash alone is not verified readback.
I047,24,Identity.SomProduct,K26 SOM product decoded from EEPROM.,Required,Both,missing,identity,No server SOM EEPROM/carrier/factory-MAC identity export,Add checksum-validated read-only SOM identity and sourced carrier revision; do not infer FRU presence or alter EEPROM/network.
I048,25,Identity.SomSerial,K26 SOM serial decoded from EEPROM.,Required,Both,missing,identity,No server SOM EEPROM/carrier/factory-MAC identity export,Add checksum-validated read-only SOM identity and sourced carrier revision; do not infer FRU presence or alter EEPROM/network.
I049,26,Identity.SomUuid,K26 SOM UUID decoded from EEPROM.,Required,Both,missing,identity,No server SOM EEPROM/carrier/factory-MAC identity export,Add checksum-validated read-only SOM identity and sourced carrier revision; do not infer FRU presence or alter EEPROM/network.
I050,27,Identity.CarrierRevision,DAPHNE carrier revision; no carrier FRU is populated.,Required,Both,missing,identity,No server SOM EEPROM/carrier/factory-MAC identity export,Add checksum-validated read-only SOM identity and sourced carrier revision; do not infer FRU presence or alter EEPROM/network.
I051,28,Identity.FactoryMac,Checksum-valid K26 OEM MAC ID 0.,Required,Both,missing,identity,No server SOM EEPROM/carrier/factory-MAC identity export,Add checksum-validated read-only SOM identity and sourced carrier revision; do not infer FRU presence or alter EEPROM/network.
I053,29,Identity.MacIdentityMatch,"EEPROM, HWDB, U-Boot, FDT, Linux and network-admission MACs agree.",Required,Both,partial,identity,BoardIdentityStatus.binding_state: live controller/MAC/IPv4 versus protected baseline,Add separately sourced EEPROM/HWDB/U-Boot/FDT/admission comparison; current binding match does not establish all layers.
I054,30,Identity.Hostname,Running Linux hostname.,Required,Both,partial,host_name,SystemStatusSnapshot.hostname from uname.nodename,Add individual availability/quality/source/times and failure handling; global status success is not hostname validity.
I056,31,Identity.HostnameMatch,Runtime hostname equals the assigned value.,Required,Both,missing,identity,No assigned-hostname field/comparison,Obtain approved hostname assignment and compare exact normalized runtime observation without writing network settings.
I062,32,Identity.RegisterMapVersion,Gateware register-map/interface version.,Required,Both,implemented,fpga,GatewareIdentityStatus.abi,No additional producer gap identified; mode/ABI hardware qualifications remain bounded.
I063,33,Management Network.Name,Linux network interface name. Describes the shared board control GbE interface; it is not a per-data-link MAC/IP value.,Required,Both,implemented,network,BoardIdentityStatus.management.interface_name (private details opt-in),Requires the explicitly configured identity binding; no implicit interface guessing.
I064,34,Management Network.MacAddress,Active interface MAC address. Describes the shared board control GbE interface; it is not a per-data-link MAC/IP value.,Required,Both,implemented,network,"BoardIdentityStatus.management.mac_address (optional, private details opt-in)","Current MAC observation, not permanent/factory MAC; preserve the CERN assignment."
I065,35,Management Network.PermanentMacAddress,Driver-reported permanent MAC when available. Describes the shared board control GbE interface; it is not a per-data-link MAC/IP value.,Required,Both,missing,network,No permanent-MAC collector,Add driver-reported permanent MAC with independent availability/source; never substitute current MAC.
I066,36,Management Network.Ipv4Address,Active IPv4 address. Describes the shared board control GbE interface; it is not a per-data-link MAC/IP value.,Required,Both,implemented,network,"BoardIdentityStatus.management.ipv4_cidrs (address plus prefix, private details opt-in)",Multiple active addresses are preserved; consumer must not choose an arbitrary first address.
I067,37,Management Network.PrefixLength,IPv4 prefix length. Describes the shared board control GbE interface; it is not a per-data-link MAC/IP value.,Required,Both,implemented,network,"BoardIdentityStatus.management.ipv4_cidrs (address plus prefix, private details opt-in)",Multiple active addresses are preserved; consumer must not choose an arbitrary first address.
I068,38,Management Network.DefaultGateway,Selected default IPv4 gateway. Describes the shared board control GbE interface; it is not a per-data-link MAC/IP value.,Required,Both,missing,network,No default-route/DNS/assigned-VLAN export,Define interface-scoped route/DNS selection and source assigned VLAN from approved inventory; keep values private and do not reconfigure.
I069,39,Management Network.DnsServers,Configured DNS server list. Describes the shared board control GbE interface; it is not a per-data-link MAC/IP value.,Required,Both,missing,network,No default-route/DNS/assigned-VLAN export,Define interface-scoped route/DNS selection and source assigned VLAN from approved inventory; keep values private and do not reconfigure.
I070,40,Management Network.VlanId,Assigned VLAN identifier where applicable. Describes the shared board control GbE interface; it is not a per-data-link MAC/IP value.,Required,Both,missing,network,No default-route/DNS/assigned-VLAN export,Define interface-scoped route/DNS selection and source assigned VLAN from approved inventory; keep values private and do not reconfigure.
I071,41,Management Network.OperationalState,Kernel/network-manager operational state. Describes the shared board control GbE interface; it is not a per-data-link MAC/IP value.,Required,Both,implemented,network,ManagementNetworkObservation.link.observations selected by ManagementLinkMetric,"Individual quality/times and unit checks exist; no end-to-end reachability, counter epoch or rate inference."
I072,42,Management Network.Carrier,Physical carrier is present. Describes the shared board control GbE interface; it is not a per-data-link MAC/IP value.,Required,Both,implemented,network,ManagementNetworkObservation.link.observations selected by ManagementLinkMetric,"Individual quality/times and unit checks exist; no end-to-end reachability, counter epoch or rate inference."
I073,43,Management Network.SpeedMbps,Negotiated link speed. Describes the shared board control GbE interface; it is not a per-data-link MAC/IP value.,Required,Both,implemented,network,ManagementNetworkObservation.link.observations selected by ManagementLinkMetric,"Individual quality/times and unit checks exist; no end-to-end reachability, counter epoch or rate inference."
I074,44,Management Network.Duplex,Negotiated duplex mode. Describes the shared board control GbE interface; it is not a per-data-link MAC/IP value.,Required,Both,implemented,network,ManagementNetworkObservation.link.observations selected by ManagementLinkMetric,"Individual quality/times and unit checks exist; no end-to-end reachability, counter epoch or rate inference."
I075,45,Management Network.MtuBytes,Configured interface MTU. Describes the shared board control GbE interface; it is not a per-data-link MAC/IP value.,Required,Both,implemented,network,ManagementNetworkObservation.link.observations selected by ManagementLinkMetric,"Individual quality/times and unit checks exist; no end-to-end reachability, counter epoch or rate inference."
I076,46,Management Network.RxBytes,Cumulative received bytes. Describes the shared board control GbE interface; it is not a per-data-link MAC/IP value.,Required,Both,implemented,network,ManagementNetworkObservation.link.observations selected by ManagementLinkMetric,"Individual quality/times and unit checks exist; no end-to-end reachability, counter epoch or rate inference."
I077,47,Management Network.RxPackets,Cumulative received packets. Describes the shared board control GbE interface; it is not a per-data-link MAC/IP value.,Required,Both,implemented,network,ManagementNetworkObservation.link.observations selected by ManagementLinkMetric,"Individual quality/times and unit checks exist; no end-to-end reachability, counter epoch or rate inference."
I078,48,Management Network.RxErrors,Cumulative receive errors. Describes the shared board control GbE interface; it is not a per-data-link MAC/IP value.,Required,Both,implemented,network,ManagementNetworkObservation.link.observations selected by ManagementLinkMetric,"Individual quality/times and unit checks exist; no end-to-end reachability, counter epoch or rate inference."
I079,49,Management Network.RxDropped,Cumulative receive drops. Describes the shared board control GbE interface; it is not a per-data-link MAC/IP value.,Required,Both,implemented,network,ManagementNetworkObservation.link.observations selected by ManagementLinkMetric,"Individual quality/times and unit checks exist; no end-to-end reachability, counter epoch or rate inference."
I080,50,Management Network.TxBytes,Cumulative transmitted bytes. Describes the shared board control GbE interface; it is not a per-data-link MAC/IP value.,Required,Both,implemented,network,ManagementNetworkObservation.link.observations selected by ManagementLinkMetric,"Individual quality/times and unit checks exist; no end-to-end reachability, counter epoch or rate inference."
I081,51,Management Network.TxPackets,Cumulative transmitted packets. Describes the shared board control GbE interface; it is not a per-data-link MAC/IP value.,Required,Both,implemented,network,ManagementNetworkObservation.link.observations selected by ManagementLinkMetric,"Individual quality/times and unit checks exist; no end-to-end reachability, counter epoch or rate inference."
I082,52,Management Network.TxErrors,Cumulative transmit errors. Describes the shared board control GbE interface; it is not a per-data-link MAC/IP value.,Required,Both,implemented,network,ManagementNetworkObservation.link.observations selected by ManagementLinkMetric,"Individual quality/times and unit checks exist; no end-to-end reachability, counter epoch or rate inference."
I083,53,Management Network.TxDropped,Cumulative transmit drops. Describes the shared board control GbE interface; it is not a per-data-link MAC/IP value.,Required,Both,implemented,network,ManagementNetworkObservation.link.observations selected by ManagementLinkMetric,"Individual quality/times and unit checks exist; no end-to-end reachability, counter epoch or rate inference."
I084,54,Management Network.LinkChangeCount,Observed carrier/operational-state transitions. Describes the shared board control GbE interface; it is not a per-data-link MAC/IP value.,Required,Both,partial,network,MANAGEMENT_LINK_CARRIER_CHANGES from sysfs carrier_changes,Only carrier changes are counted; operational-state transitions and durable reset/boot epoch are not tracked.
I085,55,Management Network.ConfigurationMatch,MAC/IP/prefix/gateway/VLAN match the deployment inventory. Describes the shared board control GbE interface; it is not a per-data-link MAC/IP value.,Required,Both,partial,identity,Protected controller/MAC/IPv4 baseline comparison,Gateway/VLAN and full authorized inventory comparison are missing; a baseline match is not complete configuration match.
I086,56,Host.CurrentUtc,Board UTC clock.,Required,Both,implemented,clock,"HostTimeStatus.clock: unix_time_ns, current_utc and derived boot-time estimate","These are local clock observations with explicit limits, not verified UTC or an immutable boot event timestamp."
I087,57,Host.UnixTimeNs,Board UNIX time in nanoseconds.,Required,Both,implemented,clock,"HostTimeStatus.clock: unix_time_ns, current_utc and derived boot-time estimate","These are local clock observations with explicit limits, not verified UTC or an immutable boot event timestamp."
I088,58,Host.UptimeSeconds,Host uptime.,Required,Both,implemented,resources,HostResourceObservation metric HOST_UPTIME_SECONDS,Suspend-inclusive /proc uptime observed; no boot-health inference.
I089,59,Host.BootId,Linux boot identifier.,Required,Both,implemented,bookkeeping,ServerState.boot_id,"Linux boot identifier is process bookkeeping, not an FPGA reset epoch."
I090,60,Host.BootTime,Derived host boot time.,Required,Both,implemented,clock,"HostTimeStatus.clock: unix_time_ns, current_utc and derived boot-time estimate","These are local clock observations with explicit limits, not verified UTC or an immutable boot event timestamp."
I091,61,Host.KernelRelease,Running kernel release.,Required,Both,implemented,host_software,"SystemStatusSnapshot.host_software: kernel release, OS display name/ID/version",No additional producer gap identified; vendor labels are not binary authentication.
I092,62,Host.OperatingSystemVersion,PetaLinux/OS release.,Required,Both,implemented,host_software,"SystemStatusSnapshot.host_software: kernel release, OS display name/ID/version",No additional producer gap identified; vendor labels are not binary authentication.
I093,63,Host.RootFilesystemBuildId,Installed rootfs/release build identity.,Required,Both,partial,host_software,Optional HOST_OS_BASE_BUILD_ID/HOST_OS_IMAGE_ID/HOST_OS_IMAGE_VERSION,Approved installed-rootfs manifest/identity is absent; base/image labels are unavailable on this board and are not substitutes.
I094,64,Host.ActiveBootSlot,Active A/B eMMC runtime slot.,Required,Both,contract-pending,boot,No qualified active-slot or boot-success contract/export,Implement redundancy only after real file-corruption tests prove automatic slot switching or network-accessible U-Boot recovery without JTAG.
I095,65,Host.BootMarkedGood,Current runtime slot has passed the boot-success contract.,Required,Both,contract-pending,boot,No qualified active-slot or boot-success contract/export,Implement redundancy only after real file-corruption tests prove automatic slot switching or network-accessible U-Boot recovery without JTAG.
I096,66,Host.LastResetReason,Best available reboot/reset reason.,Required,Both,missing,boot,No typed reset-reason or configured-and-serviced watchdog observations,Identify actual platform reset/watchdog sources and servicing evidence; service-active is not watchdog health.
I097,67,Host.WatchdogHealthy,Host watchdog is configured and being serviced.,Required,Both,missing,boot,No typed reset-reason or configured-and-serviced watchdog observations,Identify actual platform reset/watchdog sources and servicing evidence; service-active is not watchdog health.
I098,68,Host.NtpSynchronized,System clock is synchronized to the approved time source.,Required,Both,partial,clock,KernelClockObservation plus TimesyncObservation historical sample/offset,Need approved source identity and fresh accepted-sample association; board is unsynchronized with zero processed packets.
I099,69,Host.NtpOffsetMilliseconds,Reported clock offset from the approved source.,Required,Both,partial,clock,KernelClockObservation plus TimesyncObservation historical sample/offset,Need approved source identity and fresh accepted-sample association; board is unsynchronized with zero processed packets.
I100,70,Host.TimeSource,Active time synchronization source.,Required,Both,implemented,clock,TimesyncObservation selected_server_name/selected_server_address under private opt-in,Selected timesync1 peer is not necessarily an approved or currently synchronized source.
I101,71,Host.CpuLoad1Minute,One-minute CPU load average.,Required,Both,implemented,resources,HostResourceObservation load1/MemAvailable/root-free bytes,Free and unprivileged-available bytes are distinct; no invented operational thresholds.
I102,72,Host.MemoryAvailableBytes,Available system memory.,Required,Both,implemented,resources,HostResourceObservation load1/MemAvailable/root-free bytes,Free and unprivileged-available bytes are distinct; no invented operational thresholds.
I103,73,Host.RootFilesystemFreeBytes,Free space on the runtime root filesystem.,Required,Both,implemented,resources,HostResourceObservation load1/MemAvailable/root-free bytes,Free and unprivileged-available bytes are distinct; no invented operational thresholds.
I104,74,Host.RootFilesystemReadOnly,Runtime root filesystem is unexpectedly read-only.,Required,Both,partial,resources,HostResourceObservation metric HOST_ROOT_READ_ONLY,"Actual read-only state is exported, but unexpectedness requires an approved expected mount-state policy."
I105,75,Services.Active,Service is in the active state.,Required,Both,implemented,services,ServiceStatus active_state/sub_state/main_pid/result/exec_main_code/exec_main_status,Eight allow-listed units only; active/exited success is not functional readiness.
I106,76,Services.State,Service active/substate detail.,Required,Both,implemented,services,ServiceStatus active_state/sub_state/main_pid/result/exec_main_code/exec_main_status,Eight allow-listed units only; active/exited success is not functional readiness.
I107,77,Services.MainPid,"Main process identifier, if applicable.",Required,Both,implemented,services,ServiceStatus active_state/sub_state/main_pid/result/exec_main_code/exec_main_status,Eight allow-listed units only; active/exited success is not functional readiness.
I108,78,Services.RestartCount,Cumulative automatic restart count for this boot.,Required,Both,partial,services,ServiceStatus.automatic_restarts from systemd NRestarts,Not a persisted boot-lifetime total; systemd counter resets/reloads and invocation epochs need explicit semantics.
I109,79,Services.StartTime,Time the current service instance started.,Required,Both,partial,services,ServiceStatus.exec_main_start_monotonic_ns and active_enter_monotonic_ns,"Expose the requested DateTime only with a qualified time basis; current fields are monotonic times, not UTC start time."
I110,80,Services.LastExitStatus,Most recent terminal exit status/result.,Required,Both,implemented,services,ServiceStatus active_state/sub_state/main_pid/result/exec_main_code/exec_main_status,Eight allow-listed units only; active/exited success is not functional readiness.
I129,81,Firmware.Loaded,Expected FPGA image is loaded and FPGA manager reports operating.,Required,Both,partial,fpga,FpgaProgrammingStatus plus GatewareIdentityStatus.matches_admitted_profile,Manager operating plus process admission is not proof of the expected release artifact identity/integrity.
I130,82,Firmware.FpgaManagerState,Raw FPGA manager state.,Required,Both,implemented,fpga,FpgaProgrammingStatus.manager_state/manager_quality/manager_observed_monotonic_ns,"Kernel programming bookkeeping, not a continuous fabric heartbeat."
I131,83,Firmware.OverlayName,Active FPGA application/overlay name.,Required,Both,partial,overlay,ConfiguredGatewareApp from /run/daphne-gateware/active.env:APP,Read actual active application/overlay inventory; configured APP is not independently observed xmutil state.
I132,84,Firmware.BuildId,Gateware build identifier extracted from release metadata.,Required,Both,partial,fpga,Observed build_id and matches_admitted_profile; expected build optional at process admission,Expose separately sourced active-release expected build metadata and its comparison; admitted readback is not a release manifest.
I133,85,Firmware.GitCommit,Gateware Git revision read from the configuration register.,Required,Both,implemented,fpga,GatewareIdentityStatus.build_id (zero-extended seven-hex Git prefix),"Abbreviated register Git identity only, not a full commit/signature or artifact digest."
I134,86,Firmware.ExpectedBuildId,Build identity required by the active release/configuration.,Required,Both,partial,fpga,Observed build_id and matches_admitted_profile; expected build optional at process admission,Expose separately sourced active-release expected build metadata and its comparison; admitted readback is not a release manifest.
I135,87,Firmware.BuildMatchesExpected,Running FPGA build matches the release/configuration contract.,Required,Both,partial,fpga,Observed build_id and matches_admitted_profile; expected build optional at process admission,Expose separately sourced active-release expected build metadata and its comparison; admitted readback is not a release manifest.
I136,88,Firmware.RegisterMapVersionMatches,Gateware register-map version matches the board-service schema.,Required,Both,implemented,fpga,ABI admission whitelist and matching bracketed GatewareIdentityStatus,Exact ABI 2.0/2.1/2.2 admission is implemented; new firmware/full-stream hardware remain unqualified.
I137,89,Firmware.PlI2cDevicePresent,PL I2C platform device is present.,Required,Both,missing,i2c,"PL adapter/device discovery exists internally, but no typed PL-device-presence status",Export stable controller-bound platform/device-node observations separately from transaction success.
I138,90,Firmware.PlSpiDevicePresent,PL SPI platform device is present.,Required,Both,missing,i2c,"PL adapter/device discovery exists internally, but no typed PL-device-presence status",Export stable controller-bound platform/device-node observations separately from transaction success.
I139,91,Firmware.ActiveXmutilApplication,Active xmutil accelerator application.,Required,Both,partial,overlay,ConfiguredGatewareApp from /run/daphne-gateware/active.env:APP,Read actual active application/overlay inventory; configured APP is not independently observed xmutil state.
I140,92,Firmware.FirmwareUpdateState,"Idle, Preparing, Programming, Verifying, Succeeded, or Failed.",Required,Both,missing,overlay,No server firmware-update lifecycle observation,Consume an authoritative updater lifecycle record; do not infer transition state from one service result.
I141,93,Firmware.FirmwarePathAvailable,Normal configuration/monitor path remains available.,Required,Both,partial,fpga,FPGA prerequisite checklist and applied FE configuration evidence,No complete normal-configuration/monitor-path availability contract; a successful RPC is insufficient.
I142,94,Firmware.FirmwareArtifactSha256,Digest of the loaded/installed FPGA artifact.,Required,Both,missing,fpga,No loaded/installed bitstream SHA-256 producer in server status,Bind separately hashed installed artifact to observed programming/release context; register Git prefix is not its digest.
I143,95,Firmware.ServerVersion,DAPHNE board-service software version.,Required,Both,implemented,build,ServerBuildInfo.software_version/source_git_commit/committed_source_tree,Unavailable Git provenance remains explicit; metadata is not executable authentication.
I144,96,Firmware.ProtobufSchemaVersion,ControlEnvelope/Protobuf schema compatibility version.,Required,Both,partial,build,ServerBuildInfo.control_envelope_version and exact schema SHA-256 values,Define semantic compatibility version/policy; equal/different schema hashes alone do not establish compatibility.
I145,97,Firmware.GatewareHeartbeat,Monotonic PL heartbeat or watchdog counter.,Required,Both,partial,fpga,"ABI2.1/2.2 native timestamp progress path, unavailable on live ABI2.0",No dedicated gateware heartbeat/watchdog counter; native time progress is not all-fabric liveness and routed/live firmware qualification is pending.
I146,98,Firmware.GatewareFatalFaultLatched,Latched fatal gateware error state.,Required,Both,partial,fpga,Sampled programming STAT configuration error flags,No complete latched fatal application/gateware-fault export; configuration flags are a narrower scope.
I147,99,Firmware.GatewareResetReason,Last gateware reset cause.,Required,Both,missing,fpga,No gateware reset-cause register/export,Needs firmware-supported reset-cause/epoch semantics and actual routed/live evidence.
I148,100,Firmware.ConfigurationReady,Analog/front-end configuration path has reached a stable ready state.,Required,Both,partial,bookkeeping,applied_configuration_valid and !configuration_in_progress; front_end_configuration health check,Executed configuration evidence is not direct stable analog/front-end readiness readback.
I149,101,RPU.Available,RPU/remoteproc control backend is available.,Conditional on deployed RPU profile,Both; only if RPU is installed,missing,rpu,No RPU status producer/RPC in deployed server,"Conditional requirement: establish deployed RPU profile, ABI, read-only health/queue/fault sources and test on that profile."
I150,102,RPU.Running,RPU firmware is running.,Conditional on deployed RPU profile,Both; only if RPU is installed,missing,rpu,No RPU status producer/RPC in deployed server,"Conditional requirement: establish deployed RPU profile, ABI, read-only health/queue/fault sources and test on that profile."
I151,103,RPU.Firmware,RPU firmware image name/version.,Conditional on deployed RPU profile,Both; only if RPU is installed,missing,rpu,No RPU status producer/RPC in deployed server,"Conditional requirement: establish deployed RPU profile, ABI, read-only health/queue/fault sources and test on that profile."
I152,104,RPU.Heartbeat,Monotonic RPU safety/control heartbeat.,Conditional on deployed RPU profile,Both; only if RPU is installed,missing,rpu,No RPU status producer/RPC in deployed server,"Conditional requirement: establish deployed RPU profile, ABI, read-only health/queue/fault sources and test on that profile."
I153,105,RPU.LastFault,Most recent RPU fault detail.,Conditional on deployed RPU profile,Both; only if RPU is installed,missing,rpu,No RPU status producer/RPC in deployed server,"Conditional requirement: establish deployed RPU profile, ABI, read-only health/queue/fault sources and test on that profile."
I154,106,RPU.AbiVersion,RPU wire ABI version accepted by the Linux board service.,Conditional on deployed RPU profile,Both; only if RPU is installed,missing,rpu,No RPU status producer/RPC in deployed server,"Conditional requirement: establish deployed RPU profile, ABI, read-only health/queue/fault sources and test on that profile."
I155,107,RPU.InterlockReady,RPU-side voltage/current/temperature/communication preconditions allow AFE writes.,Conditional on deployed RPU profile,Both; only if RPU is installed,missing,rpu,No RPU status producer/RPC in deployed server,"Conditional requirement: establish deployed RPU profile, ABI, read-only health/queue/fault sources and test on that profile."
I156,108,RPU.FaultCode,Structured current RPU fault bitmap/code.,Conditional on deployed RPU profile,Both; only if RPU is installed,missing,rpu,No RPU status producer/RPC in deployed server,"Conditional requirement: establish deployed RPU profile, ABI, read-only health/queue/fault sources and test on that profile."
I157,109,RPU.CommandQueueDepth,Bounded RPU command queue occupancy.,Conditional on deployed RPU profile,Both; only if RPU is installed,missing,rpu,No RPU status producer/RPC in deployed server,"Conditional requirement: establish deployed RPU profile, ABI, read-only health/queue/fault sources and test on that profile."
I158,110,RPU.LastReplySequence,Sequence number of the most recent completed RPU command.,Conditional on deployed RPU profile,Both; only if RPU is installed,missing,rpu,No RPU status producer/RPC in deployed server,"Conditional requirement: establish deployed RPU profile, ABI, read-only health/queue/fault sources and test on that profile."
I159,111,I2C Bus.Present,Linux I2C adapter device node exists.,Required,Both,missing,i2c,I2CPortStatus device/bus/present exists in schema but is never populated,Add stable adapter/path inventory with quality; existence alone is not functional health.
I160,112,I2C Bus.Path,Linux I2C adapter path.,Required,Both,missing,i2c,I2CPortStatus device/bus/present exists in schema but is never populated,Add stable adapter/path inventory with quality; existence alone is not functional health.
I161,113,I2C Bus.Functional,A bounded non-disruptive health transaction succeeds.,Required,Both,partial,i2c,Bounded targeted carrier/SFP/regulator transactions provide device-specific results,No adapter-level qualified non-disruptive health transaction/status; avoid broad scans and inappropriate probing.
I162,114,I2C Bus.Owner,Process/RPU component currently serializing access.,Required,Both,missing,i2c,Internal bus mutexes and configuration flags only,Export actual scoped serializer ownership and in-progress state; do not label mutex activity as authenticated RPU/process ownership.
I163,115,I2C Bus.Busy,A serialized I2C transaction is in progress.,Required,Both,missing,i2c,Internal bus mutexes and configuration flags only,Export actual scoped serializer ownership and in-progress state; do not label mutex activity as authenticated RPU/process ownership.
I164,116,I2C Bus.LastSuccess,Time of the last successful health transaction.,Required,Both,missing,i2c,No boot-lifetime bus success/error/timeout/recovery counters,"Define transaction event coverage, persistence/epoch and timeout/recovery distinctions; never invent zero history."
I165,117,I2C Bus.ErrorCount,Cumulative transaction errors for this boot.,Required,Both,missing,i2c,No boot-lifetime bus success/error/timeout/recovery counters,"Define transaction event coverage, persistence/epoch and timeout/recovery distinctions; never invent zero history."
I166,118,I2C Bus.TimeoutCount,Cumulative transaction timeouts for this boot.,Required,Both,missing,i2c,No boot-lifetime bus success/error/timeout/recovery counters,"Define transaction event coverage, persistence/epoch and timeout/recovery distinctions; never invent zero history."
I167,119,I2C Bus.RecoveryCount,Cumulative bus recoveries for this boot.,Required,Both,missing,i2c,No boot-lifetime bus success/error/timeout/recovery counters,"Define transaction event coverage, persistence/epoch and timeout/recovery distinctions; never invent zero history."
I168,120,I2C Device.Name,Stable device name.,Required,Both,partial,i2c,Named device-specific carrier/SFP/regulator observations; internal driver identity discovery,No complete typed per-device inventory/driver/success ledger across all expected devices; a NACK is not absence.
I169,121,I2C Device.Present,Expected I2C address responds/is registered.,Required,Both,partial,i2c,Named device-specific carrier/SFP/regulator observations; internal driver identity discovery,No complete typed per-device inventory/driver/success ledger across all expected devices; a NACK is not absence.
I170,122,I2C Device.Driver,Bound Linux driver or board-service driver.,Required,Both,partial,i2c,Named device-specific carrier/SFP/regulator observations; internal driver identity discovery,No complete typed per-device inventory/driver/success ledger across all expected devices; a NACK is not absence.
I171,123,I2C Device.Status,Bounded device-specific health detail.,Required,Both,partial,i2c,Named device-specific carrier/SFP/regulator observations; internal driver identity discovery,No complete typed per-device inventory/driver/success ledger across all expected devices; a NACK is not absence.
I172,124,I2C Device.LastSuccess,Time of the last successful device transaction.,Required,Both,partial,i2c,Named device-specific carrier/SFP/regulator observations; internal driver identity discovery,No complete typed per-device inventory/driver/success ledger across all expected devices; a NACK is not absence.
I173,125,I2C Device.ErrorCount,Cumulative device transaction errors for this boot.,Required,Both,missing,i2c,No boot-lifetime per-device transaction-error counters,Instrument actual transaction outcomes and epoch coverage rather than deriving counts from status requests.
I174,126,SPI.Present,PL SPI device and /dev/spidev3.0 are present.,Required,Both,partial,spi,BoardSPI resolves kernel SPI device by controller 9c020000 and chip select,No typed device-node presence export; retire fixed /dev/spidev3.0 assumption in favor of controller-bound identity.
I175,127,SPI.Functional,Bounded current-monitor SPI identity/read transaction succeeds.,Required,Both,partial,spi,"CurrentMonitor physical-channel result includes ADC identity, success/quality and acquisition times",Only per-request ADC evidence; add a retained SPI functional/last-success observation without triggering an arbitrary measurement.
I176,128,SPI.Owner,Component currently serializing SPI access.,Required,Both,missing,spi,No exported SPI owner or cumulative error ledger,Expose the actual serializer/transaction outcomes with explicit observation epoch; do not infer history from a successful ADC read.
I177,129,SPI.ErrorCount,Cumulative SPI transaction errors.,Required,Both,missing,spi,No exported SPI owner or cumulative error ledger,Expose the actual serializer/transaction outcomes with explicit observation epoch; do not infer history from a successful ADC read.
I178,130,SPI.LastSuccess,Time of the last successful SPI transaction.,Required,Both,partial,spi,"CurrentMonitor physical-channel result includes ADC identity, success/quality and acquisition times",Only per-request ADC evidence; add a retained SPI functional/last-success observation without triggering an arbitrary measurement.
I179,131,Board Rails.3V3PDSVoltage,Measured 3V3PDS board rail voltage.,Required,Both,implemented,rails,GeneralInfo.board_voltage_status.named_voltages[name=3V3PDS].volts,Complete-scan quality/time must be checked; absolute voltage calibration remains unqualified.
I180,132,Board Rails.3V3PDSStatus,Quality/fault state for the 3V3PDS board rail.,Required,Both,partial,rails,BoardVoltageStatus common quality/detail and NaN on unavailable/stale/error,Acquisition quality exists; per-rail voltage fault thresholds/health interpretation are not implemented.
I181,133,Board Rails.1V8PDSVoltage,Measured 1V8PDS board rail voltage.,Required,Both,implemented,rails,GeneralInfo.board_voltage_status.named_voltages[name=1V8PDS].volts,Complete-scan quality/time must be checked; absolute voltage calibration remains unqualified.
I182,134,Board Rails.1V8PDSStatus,Quality/fault state for the 1V8PDS board rail.,Required,Both,partial,rails,BoardVoltageStatus common quality/detail and NaN on unavailable/stale/error,Acquisition quality exists; per-rail voltage fault thresholds/health interpretation are not implemented.
I183,135,Board Rails.3V3AVoltage,Measured 3V3A board rail voltage.,Required,Both,implemented,rails,GeneralInfo.board_voltage_status.named_voltages[name=3V3A].volts,Complete-scan quality/time must be checked; absolute voltage calibration remains unqualified.
I184,136,Board Rails.3V3AStatus,Quality/fault state for the 3V3A board rail.,Required,Both,partial,rails,BoardVoltageStatus common quality/detail and NaN on unavailable/stale/error,Acquisition quality exists; per-rail voltage fault thresholds/health interpretation are not implemented.
I185,137,Board Rails.1V8AVoltage,Measured 1V8A board rail voltage.,Required,Both,implemented,rails,GeneralInfo.board_voltage_status.named_voltages[name=1V8A].volts,Complete-scan quality/time must be checked; absolute voltage calibration remains unqualified.
I186,138,Board Rails.1V8AStatus,Quality/fault state for the 1V8A board rail.,Required,Both,partial,rails,BoardVoltageStatus common quality/detail and NaN on unavailable/stale/error,Acquisition quality exists; per-rail voltage fault thresholds/health interpretation are not implemented.
I187,139,Board Rails.Minus5VAVoltage,Measured Minus5VA board rail voltage.,Required,Both,implemented,rails,GeneralInfo.board_voltage_status.named_voltages[name=Minus5VA].volts,Complete-scan quality/time must be checked; absolute voltage calibration remains unqualified.
I188,140,Board Rails.Minus5VAStatus,Quality/fault state for the Minus5VA board rail.,Required,Both,partial,rails,BoardVoltageStatus common quality/detail and NaN on unavailable/stale/error,Acquisition quality exists; per-rail voltage fault thresholds/health interpretation are not implemented.
I189,141,PMBus Regulators.Voltage,Measured regulator output voltage.,Required,Both,implemented,regulators,RegulatorMonitor.output_voltage_v/voltage_quality from READ_VOUT,"Remote-sense module voltage, not guaranteed load voltage or metrology."
I190,142,PMBus Regulators.Current,Measured regulator output current.,Required,Both,implemented,regulators,RegulatorMonitor.output_current_a/current_quality from READ_IOUT,Module source current with device limitations; no calibrated sink-current or external-current claim.
I191,143,PMBus Regulators.Power,Measured/derived regulator output power.,Required,Both,missing,regulators,No regulator output-power observation,"If derived, explicitly label V*I with source times/quality and non-simultaneous sampling; do not invent a hardware power register."
I192,144,PMBus Regulators.Temperature,Regulator temperature readback.,Required,Both,implemented,regulators,RegulatorMonitor.temperature from READ_TEMPERATURE_2,Module temperature placement/calibration not independently established; not ambient or SoC temperature.
I193,145,PMBus Regulators.StatusByte,Raw PMBus STATUS_BYTE.,Required,Both,missing,regulators,No STATUS_BYTE command/explicit observation; STATUS_WORD is sampled instead,Qualify documented read-only STATUS_BYTE or explicitly define a labeled derived low byte; do not claim an unperformed command.
I194,146,PMBus Regulators.StatusWord,Raw PMBus STATUS_WORD.,Required,Both,implemented,regulators,registers STATUS_WORD_BEFORE/STATUS_WORD_AFTER (0x79),Sequential potentially latched status; inspect changed flag and retained raw readings.
I195,147,PMBus Regulators.StatusVout,PMBus output-voltage fault bitmap.,Required,Both,implemented,regulators,registers STATUS_VOUT (0x7a) and decoded flags,Read-only PEC result; no fault clearing or aggregate healthy claim.
I196,148,PMBus Regulators.StatusIout,PMBus output-current fault bitmap.,Required,Both,implemented,regulators,registers STATUS_IOUT (0x7b) and decoded flags,Read-only PEC result; no fault clearing or aggregate healthy claim.
I197,149,PMBus Regulators.StatusTemperature,PMBus temperature fault bitmap.,Required,Both,implemented,regulators,registers STATUS_TEMPERATURE (0x7d) and decoded flags,Read-only PEC result; host alarm policy remains separate.
I198,150,PMBus Regulators.StatusCml,PMBus communication/memory/logic fault bitmap.,Required,Both,implemented,regulators,registers STATUS_CML_BEFORE/STATUS_CML_AFTER (0x7e) and decoded flags,Existing U42/U33 CML flags are retained; raw success is not clean regulator health.
I199,151,PMBus Regulators.Health,Decoded regulator health summary.,Required,Both,partial,regulators,"asserted_status_flags, per-reading quality and identity/status brackets",No complete regulator-health summary; manufacturer-specific status/VIN and approved health policy are unqualified.
I200,152,Temperature.Celsius,Typed temperature reading.,Required,Both,implemented,temperature,Named TemperatureStatus value/quality/host observation times plus TemperatureAlarm state/thresholds,Four main sensors plus opt-in SFP/regulator temperatures; physical high/fault cases and calibration remain unqualified.
I201,153,Temperature.Status,"Good, Warning, High, Critical, Missing, or Invalid.",Required,Both,implemented,temperature,Named TemperatureStatus value/quality/host observation times plus TemperatureAlarm state/thresholds,Four main sensors plus opt-in SFP/regulator temperatures; physical high/fault cases and calibration remain unqualified.
I202,154,Temperature.LastUpdate,Source time of the temperature reading.,Required,Both,implemented,temperature,Named TemperatureStatus value/quality/host observation times plus TemperatureAlarm state/thresholds,Four main sensors plus opt-in SFP/regulator temperatures; physical high/fault cases and calibration remain unqualified.
I203,155,HD Mezzanine.BlockEnabled,HD mezzanine I2C block is selected/enabled.,Conditional on installed hardware,Both; HD mezzanine only,missing,mezzanine,Driver isAfeBlockEnabled/isAfeBlockConfigured exist internally; no read-only typed export,Expose explicit enable/configured state with validity/invalidation; no fitted mezzanines to test on DAPHNE-015.
I204,156,HD Mezzanine.Configured,HD mezzanine monitor/protection configuration is valid.,Conditional on installed hardware,Both; HD mezzanine only,missing,mezzanine,Driver isAfeBlockEnabled/isAfeBlockConfigured exist internally; no read-only typed export,Expose explicit enable/configured state with validity/invalidation; no fitted mezzanines to test on DAPHNE-015.
I207,157,HD Mezzanine.Voltage5V,Measured 5 V rail voltage.,Conditional on installed hardware,Both; HD mezzanine only,partial,mezzanine,cmd_readHDMezzStatus_response.measured_voltage5v from independent cached atomics,Add coherent quality/timed cache with invalidation on disabled/unconfigured/failed/stale monitoring; old values must not look fresh or valid.
I208,158,HD Mezzanine.Current5V,Measured 5 V rail current.,Conditional on installed hardware,Both; HD mezzanine only,partial,mezzanine,cmd_readHDMezzStatus_response.measured_current5v from independent cached atomics,Add coherent quality/timed cache with invalidation on disabled/unconfigured/failed/stale monitoring; old values must not look fresh or valid.
I209,159,HD Mezzanine.Power5V,Measured 5 V rail power.,Conditional on installed hardware,Both; HD mezzanine only,partial,mezzanine,cmd_readHDMezzStatus_response.measured_power5v from independent cached atomics,Add coherent quality/timed cache with invalidation on disabled/unconfigured/failed/stale monitoring; old values must not look fresh or valid.
I210,160,HD Mezzanine.Alert5V,Latched INA232 5 V alert.,Conditional on installed hardware,Both; HD mezzanine only,partial,mezzanine,cmd_readHDMezzStatus_response.alert_5v from independent cached atomics,Add coherent quality/timed cache with invalidation on disabled/unconfigured/failed/stale monitoring; old values must not look fresh or valid.
I211,161,HD Mezzanine.Voltage3V3,Measured 3.3 V rail voltage.,Conditional on installed hardware,Both; HD mezzanine only,partial,mezzanine,cmd_readHDMezzStatus_response.measured_voltage3v3 from independent cached atomics,Add coherent quality/timed cache with invalidation on disabled/unconfigured/failed/stale monitoring; old values must not look fresh or valid.
I212,162,HD Mezzanine.Current3V3,Measured 3.3 V rail current.,Conditional on installed hardware,Both; HD mezzanine only,partial,mezzanine,cmd_readHDMezzStatus_response.measured_current3v3 from independent cached atomics,Add coherent quality/timed cache with invalidation on disabled/unconfigured/failed/stale monitoring; old values must not look fresh or valid.
I213,163,HD Mezzanine.Power3V3,Measured 3.3 V rail power.,Conditional on installed hardware,Both; HD mezzanine only,partial,mezzanine,cmd_readHDMezzStatus_response.measured_power3v3 from independent cached atomics,Add coherent quality/timed cache with invalidation on disabled/unconfigured/failed/stale monitoring; old values must not look fresh or valid.
I214,164,HD Mezzanine.Alert3V3,Latched INA232 3.3 V alert.,Conditional on installed hardware,Both; HD mezzanine only,partial,mezzanine,cmd_readHDMezzStatus_response.alert_3v3 from independent cached atomics,Add coherent quality/timed cache with invalidation on disabled/unconfigured/failed/stale monitoring; old values must not look fresh or valid.
I215,165,HD Mezzanine.RShunt5V,Configured 5 V shunt resistance.,Conditional on installed hardware,Both; HD mezzanine only,partial,mezzanine,cmd_readHDMezzBlockConfig_response.r_shunt_5v from driver configuration cache,Distinguish requested/derived settings from validated active hardware configuration and expose validity; qualify on populated hardware.
I216,166,HD Mezzanine.RShunt3V3,Configured 3.3 V shunt resistance.,Conditional on installed hardware,Both; HD mezzanine only,partial,mezzanine,cmd_readHDMezzBlockConfig_response.r_shunt_3v3 from driver configuration cache,Distinguish requested/derived settings from validated active hardware configuration and expose validity; qualify on populated hardware.
I217,167,HD Mezzanine.MaxCurrentScale5V,5 V measurement full-scale current configuration.,Conditional on installed hardware,Both; HD mezzanine only,partial,mezzanine,cmd_readHDMezzBlockConfig_response.max_current_5v_scale from driver configuration cache,Distinguish requested/derived settings from validated active hardware configuration and expose validity; qualify on populated hardware.
I218,168,HD Mezzanine.MaxCurrentScale3V3,3.3 V measurement full-scale current configuration.,Conditional on installed hardware,Both; HD mezzanine only,partial,mezzanine,cmd_readHDMezzBlockConfig_response.max_current_3v3_scale from driver configuration cache,Distinguish requested/derived settings from validated active hardware configuration and expose validity; qualify on populated hardware.
I219,169,HD Mezzanine.ShutdownCurrent5V,5 V hardware alert/shutdown-current configuration.,Conditional on installed hardware,Both; HD mezzanine only,partial,mezzanine,cmd_readHDMezzBlockConfig_response.max_current_5v_shutdown from driver configuration cache,Distinguish requested/derived settings from validated active hardware configuration and expose validity; qualify on populated hardware.
I220,170,HD Mezzanine.ShutdownCurrent3V3,3.3 V hardware alert/shutdown-current configuration.,Conditional on installed hardware,Both; HD mezzanine only,partial,mezzanine,cmd_readHDMezzBlockConfig_response.max_current_3v3_shutdown from driver configuration cache,Distinguish requested/derived settings from validated active hardware configuration and expose validity; qualify on populated hardware.
I221,171,HD Mezzanine.MaxPower5V,Derived 5 V maximum measurable power.,Conditional on installed hardware,Both; HD mezzanine only,partial,mezzanine,cmd_readHDMezzBlockConfig_response.max_power_5v from driver configuration cache,Distinguish requested/derived settings from validated active hardware configuration and expose validity; qualify on populated hardware.
I222,172,HD Mezzanine.MaxPower3V3,Derived 3.3 V maximum measurable power.,Conditional on installed hardware,Both; HD mezzanine only,partial,mezzanine,cmd_readHDMezzBlockConfig_response.max_power_3v3 from driver configuration cache,Distinguish requested/derived settings from validated active hardware configuration and expose validity; qualify on populated hardware.
I223,173,HD Mezzanine.CurrentLsb5V,Configured INA232 5 V current LSB.,Conditional on installed hardware,Both; HD mezzanine only,partial,mezzanine,cmd_readHDMezzBlockConfig_response.current_lsb_5v from driver configuration cache,Distinguish requested/derived settings from validated active hardware configuration and expose validity; qualify on populated hardware.
I224,174,HD Mezzanine.CurrentLsb3V3,Configured INA232 3.3 V current LSB.,Conditional on installed hardware,Both; HD mezzanine only,partial,mezzanine,cmd_readHDMezzBlockConfig_response.current_lsb_3v3 from driver configuration cache,Distinguish requested/derived settings from validated active hardware configuration and expose validity; qualify on populated hardware.
I225,175,HD Mezzanine.ShuntCal5V,INA232 5 V calibration register readback.,Conditional on installed hardware,Both; HD mezzanine only,partial,mezzanine,cmd_readHDMezzBlockConfig_response.shunt_cal_5v/shunt_cal_3v3 via getShuntCal(),"Getter returns cached calibration code, not fresh INA232 register readback; implement identity-gated readback and mismatch/error tests."
I226,176,HD Mezzanine.ShuntCal3V3,INA232 3.3 V calibration register readback.,Conditional on installed hardware,Both; HD mezzanine only,partial,mezzanine,cmd_readHDMezzBlockConfig_response.shunt_cal_5v/shunt_cal_3v3 via getShuntCal(),"Getter returns cached calibration code, not fresh INA232 register readback; implement identity-gated readback and mismatch/error tests."
I227,177,SFP.Present,SFP module is present.,Conditional on installed transceiver and supported observation,Both,implemented,sfp,SFPMonitor.present: optional true after validated identity EEPROM,Three unanswered cages remain unknown; do not infer absent modules or wiring faults from I2C failure.
I228,178,SFP.LossOfSignal,Receiver loss-of-signal input is asserted.,Conditional on installed transceiver and supported observation,Both,implemented,sfp,Advertised optional SFPMonitor.loss_of_signal/tx_fault/tx_disabled from A2 status,"Module-reported flags only, not independent board GPIO readback; unsupported flags remain absent."
I229,179,SFP.TxFault,SFP transmitter fault input is asserted.,Conditional on installed transceiver and supported observation,Both,implemented,sfp,Advertised optional SFPMonitor.loss_of_signal/tx_fault/tx_disabled from A2 status,"Module-reported flags only, not independent board GPIO readback; unsupported flags remain absent."
I230,180,SFP.TxDisabled,SFP transmitter is disabled.,Conditional on installed transceiver and supported observation,Both,implemented,sfp,Advertised optional SFPMonitor.loss_of_signal/tx_fault/tx_disabled from A2 status,"Module-reported flags only, not independent board GPIO readback; unsupported flags remain absent."
I231,181,SFP.RateSelect,SFP rate-select state when wired.,Conditional on installed transceiver and supported observation,Both,partial,sfp,SFPMonitor.rate_select_raw: A2 byte110 bits5:3,Not a verified physical rate-select wiring/function observation; requires connector/PCB evidence.
I232,182,SFP.VendorName,Non-timing SFP roles only (ccm/data0..data3). SFP vendor name from EEPROM.,Conditional on installed transceiver and supported observation,Both,implemented,sfp,SFPMonitor.vendor,Check checksum/advertised support/calibration/quality and optional presence; unopened cages and physical Hermes mapping remain unqualified.
I233,183,SFP.VendorOui,Non-timing SFP roles only (ccm/data0..data3). SFP vendor OUI.,Conditional on installed transceiver and supported observation,Both,implemented,sfp,SFPMonitor.vendor_oui,Check checksum/advertised support/calibration/quality and optional presence; unopened cages and physical Hermes mapping remain unqualified.
I234,184,SFP.PartNumber,Non-timing SFP roles only (ccm/data0..data3). SFP vendor part number.,Conditional on installed transceiver and supported observation,Both,implemented,sfp,SFPMonitor.part,Check checksum/advertised support/calibration/quality and optional presence; unopened cages and physical Hermes mapping remain unqualified.
I235,185,SFP.Revision,Non-timing SFP roles only (ccm/data0..data3). SFP vendor revision.,Conditional on installed transceiver and supported observation,Both,implemented,sfp,SFPMonitor.revision,Check checksum/advertised support/calibration/quality and optional presence; unopened cages and physical Hermes mapping remain unqualified.
I236,186,SFP.SerialNumber,Non-timing SFP roles only (ccm/data0..data3). SFP serial number.,Conditional on installed transceiver and supported observation,Both,implemented,sfp,SFPMonitor.serial,Check checksum/advertised support/calibration/quality and optional presence; unopened cages and physical Hermes mapping remain unqualified.
I237,187,SFP.DateCode,Non-timing SFP roles only (ccm/data0..data3). SFP manufacturing date code.,Conditional on installed transceiver and supported observation,Both,implemented,sfp,SFPMonitor.date_code,Check checksum/advertised support/calibration/quality and optional presence; unopened cages and physical Hermes mapping remain unqualified.
I238,188,SFP.NominalBitRateMbps,Non-timing SFP roles only (ccm/data0..data3). SFP nominal signaling rate.,Conditional on installed transceiver and supported observation,Both,partial,sfp,SFPMonitor.nominal_signaling_rate_mbd,"Workbook Mbps name/unit conflicts with module line signaling rate in MBd; agree corrected semantics, not payload or negotiated link throughput."
I239,189,SFP.WavelengthNm,Non-timing SFP roles only (ccm/data0..data3). SFP nominal transmit wavelength.,Conditional on installed transceiver and supported observation,Both,implemented,sfp,SFPMonitor.wavelength_nm,Check checksum/advertised support/calibration/quality and optional presence; unopened cages and physical Hermes mapping remain unqualified.
I240,190,SFP.TemperatureCelsius,Non-timing SFP roles only (ccm/data0..data3). SFF-8472 module temperature.,Conditional on installed transceiver and supported observation,Both,implemented,sfp,SFPMonitor.temperature_c,Check checksum/advertised support/calibration/quality and optional presence; unopened cages and physical Hermes mapping remain unqualified.
I241,191,SFP.SupplyVoltage,Non-timing SFP roles only (ccm/data0..data3). SFF-8472 module supply voltage.,Conditional on installed transceiver and supported observation,Both,implemented,sfp,SFPMonitor.vcc_v,Check checksum/advertised support/calibration/quality and optional presence; unopened cages and physical Hermes mapping remain unqualified.
I242,192,SFP.TxBiasCurrent,Non-timing SFP roles only (ccm/data0..data3). SFF-8472 laser bias current.,Conditional on installed transceiver and supported observation,Both,implemented,sfp,SFPMonitor.tx_bias_ma,Check checksum/advertised support/calibration/quality and optional presence; unopened cages and physical Hermes mapping remain unqualified.
I243,193,SFP.TxOpticalPower,Non-timing SFP roles only (ccm/data0..data3). SFF-8472 transmit optical power.,Conditional on installed transceiver and supported observation,Both,implemented,sfp,SFPMonitor.tx_power_mw,Check checksum/advertised support/calibration/quality and optional presence; unopened cages and physical Hermes mapping remain unqualified.
I244,194,SFP.RxOpticalPower,Non-timing SFP roles only (ccm/data0..data3). SFF-8472 receive optical power.,Conditional on installed transceiver and supported observation,Both,implemented,sfp,SFPMonitor.rx_power_mw,Check checksum/advertised support/calibration/quality and optional presence; unopened cages and physical Hermes mapping remain unqualified.
I245,195,SFP.AlarmFlags,Non-timing SFP roles only (ccm/data0..data3). Decoded SFF-8472 alarm flags.,Conditional on installed transceiver and supported observation,Both,implemented,sfp,SFPMonitor.alarm_flags and quantities flag fields,Check checksum/advertised support/calibration/quality and optional presence; unopened cages and physical Hermes mapping remain unqualified.
I246,196,SFP.WarningFlags,Non-timing SFP roles only (ccm/data0..data3). Decoded SFF-8472 warning flags.,Conditional on installed transceiver and supported observation,Both,implemented,sfp,SFPMonitor.warning_flags and quantities flag fields,Check checksum/advertised support/calibration/quality and optional presence; unopened cages and physical Hermes mapping remain unqualified.
I247,197,SFP.DomSupported,Non-timing SFP roles only (ccm/data0..data3). Digital optical monitoring is supported.,Conditional on installed transceiver and supported observation,Both,implemented,sfp,SFPMonitor.dom_supported,Check checksum/advertised support/calibration/quality and optional presence; unopened cages and physical Hermes mapping remain unqualified.
I248,198,SFP.EepromReadable,Non-timing SFP roles only (ccm/data0..data3). SFP identity/diagnostic EEPROM is readable.,Conditional on installed transceiver and supported observation,Both,implemented,sfp,SFPMonitor.identity_eeprom_readable/diagnostic_eeprom_readable,Check checksum/advertised support/calibration/quality and optional presence; unopened cages and physical Hermes mapping remain unqualified.
I249,199,Fans.Present,Fan is installed/detected.,Required,Both,missing,fans,FanStatus schema only; no populated fan records,Add read-only exact-ABI PWM/tach observations first; validate tach conversion/population and approved stall policy before presence/RPM/stall/control-mode claims.
I250,200,Fans.PwmCommand,Applied fan PWM/control code.,Required,Both,missing,fans,FanStatus schema only; no populated fan records,Add read-only exact-ABI PWM/tach observations first; validate tach conversion/population and approved stall policy before presence/RPM/stall/control-mode claims.
I251,201,Fans.TachometerRaw,Raw FPGA fan-speed counter.,Required,Both,missing,fans,FanStatus schema only; no populated fan records,Add read-only exact-ABI PWM/tach observations first; validate tach conversion/population and approved stall policy before presence/RPM/stall/control-mode claims.
I252,202,Fans.SpeedRpm,Fan speed after the validated tachometer conversion.,Required,Both,missing,fans,FanStatus schema only; no populated fan records,Add read-only exact-ABI PWM/tach observations first; validate tach conversion/population and approved stall policy before presence/RPM/stall/control-mode claims.
I253,203,Fans.Running,Fan tachometer indicates rotation.,Required,Both,missing,fans,FanStatus schema only; no populated fan records,Add read-only exact-ABI PWM/tach observations first; validate tach conversion/population and approved stall policy before presence/RPM/stall/control-mode claims.
I254,204,Fans.Stalled,Commanded fan is below the approved minimum speed.,Required,Both,missing,fans,FanStatus schema only; no populated fan records,Add read-only exact-ABI PWM/tach observations first; validate tach conversion/population and approved stall policy before presence/RPM/stall/control-mode claims.
I255,205,Fans.StallCount,Cumulative detected stalls for this boot.,Required,Both,missing,fans,FanStatus schema only; no populated fan records,Add read-only exact-ABI PWM/tach observations first; validate tach conversion/population and approved stall policy before presence/RPM/stall/control-mode claims.
I256,206,Fans.ControlMode,Automatic thermal control or maintenance override.,Required,Both,missing,fans,FanStatus schema only; no populated fan records,Add read-only exact-ABI PWM/tach observations first; validate tach conversion/population and approved stall policy before presence/RPM/stall/control-mode claims.
I257,207,Fans.LastUpdate,Source time of the latest fan sample.,Required,Both,missing,fans,FanStatus schema only; no populated fan records,Add read-only exact-ABI PWM/tach observations first; validate tach conversion/population and approved stall policy before presence/RPM/stall/control-mode claims.
I283,208,AFE Global.PowerState,AFE global power-state readback.,Required,Both,implemented,afe,SystemStatusSnapshot.afe_global.power_state_bit; global_control_raw bit 1,"Native and deployed ABI2.0 RPC/full regression passed. Raw register state, not measured physical power; full-stream/new-firmware qualification remains."
I284,209,AFE Global.ResetAsserted,AFE global reset readback.,Required,Both,implemented,afe,SystemStatusSnapshot.afe_global.reset_asserted; global_control_raw bit 0,78504f1 native/deployed ABI2.0 observed reset clear. Candidate 4e74f10 adds native-qualified reset-health assessment but is not deployed; physical transitions and full-stream remain unqualified.
I285,210,AFE Global.BusyAfe0,AFE0 configuration busy.,Required,Both,implemented,afe,SystemStatusSnapshot.afe_global.busy_afe0; global_control_raw bit 2,Native and deployed ABI2.0 idle samples passed; busy is instantaneous AFE/trim/offset SPI state not executor history. Active/full-stream transitions remain unqualified.
I286,211,AFE Global.BusyAfe12,AFE1/2 configuration busy.,Required,Both,implemented,afe,SystemStatusSnapshot.afe_global.busy_afe12; global_control_raw bit 3,Native and deployed ABI2.0 idle samples passed; busy combines AFE1/2 engines. Active/full-stream transitions remain unqualified.
I287,212,AFE Global.BusyAfe34,AFE3/4 configuration busy.,Required,Both,implemented,afe,SystemStatusSnapshot.afe_global.busy_afe34; global_control_raw bit 4,Native and deployed ABI2.0 idle samples passed; busy combines AFE3/4 engines. Active/full-stream transitions remain unqualified.
I288,213,AFE Global.BiasEnable,Board bias-enable register readback.,Required,Both,implemented,afe,SystemStatusSnapshot.afe_global.bias_enabled; bias_enable_raw bit 0,"Native and deployed ABI2.0 RPC/full regression observed existing enable=1; SC owns requested energization. Separate from BIASCTRL DAC cache and actual voltage; no policy/write changes. Physical transitions/full-stream remain unqualified."
I293,214,AFE.BiasVoltage,Measured AFE bias voltage.,Required,Both,implemented,rails,GeneralInfo VBIAS0..4 plus named voltage cache; readBiasVoltageMonitor returns mV,Acquisition/freshness is tested at BIAS/BIASCTRL zero; voltage calibration/nonzero operation remain unqualified.
I295,215,AFE.BiasVoltageError,Final measured-minus-target bias error.,Required,Both,partial,bias_loop,cmd_writeAFEBiasControlledSet_response.error_mv,Retain a timed/qualified terminal result for read-only telemetry; reply-only field is not a monitor. Physical nonzero-BIAS closed-loop behavior unqualified.
I296,216,AFE.BiasControlStatus,Closed-loop bias outcome enum.,Required,Both,partial,bias_loop,cmd_writeAFEBiasControlledSet_response.status,Retain a timed/qualified terminal result for read-only telemetry; reply-only field is not a monitor. Physical nonzero-BIAS closed-loop behavior unqualified.
I297,217,AFE.BiasControlSettled,Closed-loop bias reached its settling criterion.,Required,Both,partial,bias_loop,cmd_writeAFEBiasControlledSet_response.settled,Retain a timed/qualified terminal result for read-only telemetry; reply-only field is not a monitor. Physical nonzero-BIAS closed-loop behavior unqualified.
I298,218,AFE.BiasControlIterations,Closed-loop bias iterations used.,Required,Both,partial,bias_loop,cmd_writeAFEBiasControlledSet_response.iterations,Retain a timed/qualified terminal result for read-only telemetry; reply-only field is not a monitor. Physical nonzero-BIAS closed-loop behavior unqualified.
I299,219,AFE.BiasVoltageSlope,Final measured bias slope.,Required,Both,partial,bias_loop,cmd_writeAFEBiasControlledSet_response.final_slope_mv_per_s,Retain a timed/qualified terminal result for read-only telemetry; reply-only field is not a monitor. Physical nonzero-BIAS closed-loop behavior unqualified.
I300,220,AFE.BiasStableSamples,Consecutive stable samples at completion.,Required,Both,partial,bias_loop,cmd_writeAFEBiasControlledSet_response.stable_samples,Retain a timed/qualified terminal result for read-only telemetry; reply-only field is not a monitor. Physical nonzero-BIAS closed-loop behavior unqualified.
I312,221,AFE.Aligned,AFE alignment has a valid matched result.,Required,Both,partial,alignment,cmd_alignAFEs_response success/delay/bitslip and matched final-pattern checks,Add per-AFE retained match/quality/time and invalidation after resets/reconfiguration; never rerun alignment just to query status.
I316,222,Channels.CurrentMonitorRaw,Raw per-channel current-monitor ADC result.,Required,Both,implemented,current,cmd_readCurrentMonitor_response.raw_code plus channel/profile/quality/CRC/restoration evidence,Use explicit physical_channel 0..39; raw code/nominal volts are not calibrated current.
I317,223,Channels.Current,Calibrated per-channel current monitor value.,Required,Both,partial,current,Calibrated-current optional fields explicitly unavailable,Requires approved gain/scale/polarity/per-channel calibration and known-stimulus mapping with actual mezzanines.
SV001,224,Firmware.ObservedVariant,Gateware variant read from the admitted identity block: 1 self-trigger or 2 full-stream.,Required,Both,implemented,fpga,GatewareIdentityStatus.variant/abi/magic with acquisition/quality brackets,Live self-trigger ABI2.0 observed; full-stream/new-firmware hardware remains unqualified.
SV002,225,Firmware.ObservedAbi,Observed register ABI major/minor read by the server before interpreting controls.,Required,Both,implemented,fpga,GatewareIdentityStatus.variant/abi/magic with acquisition/quality brackets,Live self-trigger ABI2.0 observed; full-stream/new-firmware hardware remains unqualified.
SV003,226,Firmware.IdentityMagic,Gateware identity magic confirming that the common identity block is present.,Required,Both,implemented,fpga,GatewareIdentityStatus.variant/abi/magic with acquisition/quality brackets,Live self-trigger ABI2.0 observed; full-stream/new-firmware hardware remains unqualified.
SV004,227,Firmware.AdmissionResult,"Result of checking expected mode, ABI and build before hardware access.",Required,Both,partial,fpga,Startup admission validation and matches_admitted_profile at runtime,No complete structured startup-failure/admission event record; process absence must not be reported as successful admission.
SV005,228,Firmware.Capabilities,"Advertised supported settings, RPCs, channel/output counts and mode-specific diagnostics.",Required,Both,partial,capabilities,SystemStatusSnapshot.capabilities: 22 named supported/reason entries,Add structured setting/RPC/count/output/mode descriptors as needed; current list is not exhaustive schema compatibility.
SV006,229,Services.Name,"Stable service identity so version, status and diagnostics can be joined per service.",Required,Both,implemented,services,ServiceStatus.name from fixed allow-listed unit IDs,Stable join key exists for eight units; other services are not silently discovered.
SV007,230,Services.Version,"Version of each installed service executable or script package, reported by daphne-server.",Required,Both,partial,services,ServerBuildInfo covers daphne-server; no per-service build/version fields,Add controlled provenance for each service executable/script package without guessing versions from active state or compiler dependencies.
SV008,231,Services.BuildCommit,Source revision for each service when available from controlled build metadata.,Required,Both,partial,services,ServerBuildInfo covers daphne-server; no per-service build/version fields,Add controlled provenance for each service executable/script package without guessing versions from active state or compiler dependencies.
SV009,232,Services.FunctionalReady,"Service-specific readiness based on its function, separate from systemd Active/State.",Required,Both,partial,services,FPGA prerequisite checklist includes selected system-level dependencies,Define per-service functional readiness/dependency evidence; active systemd units and top-level health are not equivalents.
SV010,233,Services.DependencyState,"Observed dependency readiness for firmware, clockchip, endpoint, Hermes and board service.",Required,Both,partial,services,FPGA prerequisite checklist includes selected system-level dependencies,Define per-service functional readiness/dependency evidence; active systemd units and top-level health are not equivalents.
SV011,234,Services.LastFailureReason,Bounded failure/exit diagnostic with service identity and event time.,Required,Both,partial,services,ServiceStatus.result/exec_main_code/exec_main_status and invocation ID,Add bounded failure event reason/time with privacy filtering; a current result enum is not complete last-failure audit.
SV012,235,Services.EndpointListening,Whether the specific local service has bound/listens on its configured endpoint.,Required,Both,missing,services,No per-service listening endpoint or resource-lock observation,Bind observed endpoint/lock ownership to the intended process/invocation; do not infer from service Active.
SV013,236,Services.LockHeld,Whether a named service currently holds a resource or operation lock.,Required,Both,missing,services,No per-service listening endpoint or resource-lock observation,Bind observed endpoint/lock ownership to the intended process/invocation; do not infer from service Active.
SV014,237,Services.LockOwner,Authenticated principal/operation holding a service resource lock.,Required,Both,contract-pending,authority,No authenticated lock principal or lease expiry contract,Establish whether leases exist and how authenticated ownership is propagated/enforced; never invent an expiry.
SV015,238,Services.LockExpiresAt,"Expiry time of a service resource lease, if that service uses leases.",Required,Both,contract-pending,authority,No authenticated lock principal or lease expiry contract,Establish whether leases exist and how authenticated ownership is propagated/enforced; never invent an expiry.
SV016,239,Server.HeartbeatSequence,Monotonic server heartbeat sequence while the process is alive.,Required,Both,implemented,bookkeeping,ServerState heartbeat_sequence/instance_id/configuration_in_progress/applied_configuration_hash/last_configuration_result,Implemented source contract with live busy-Configure and failure/invalidation tests; known local scope remains explicit.
SV017,240,Server.InstanceId,"Unique identifier for this server process incarnation, changing at restart.",Required,Both,implemented,bookkeeping,ServerState heartbeat_sequence/instance_id/configuration_in_progress/applied_configuration_hash/last_configuration_result,Implemented source contract with live busy-Configure and failure/invalidation tests; known local scope remains explicit.
SV018,241,Server.ConfigurationInProgress,Whether the board executor is currently applying a configuration.,Required,Both,implemented,bookkeeping,ServerState heartbeat_sequence/instance_id/configuration_in_progress/applied_configuration_hash/last_configuration_result,Implemented source contract with live busy-Configure and failure/invalidation tests; known local scope remains explicit.
SV019,242,Server.AppliedConfigurationHash,Hash of the successfully applied canonical configuration and its hardware profile.,Required,Both,implemented,bookkeeping,ServerState heartbeat_sequence/instance_id/configuration_in_progress/applied_configuration_hash/last_configuration_result,Implemented source contract with live busy-Configure and failure/invalidation tests; known local scope remains explicit.
SV020,243,Server.AppliedConfigurationValid,"Whether the applied configuration remains valid after resets, mode changes or protective actions.",Required,Both,partial,bookkeeping,ServerState.applied_configuration_valid and invalidation_reason,"Tracks known local changes/protective actions and observed mismatches, not every external reset, identical reload or out-of-band change."
SV021,244,Server.LastConfigurationResult,"Result and reason for the most recent attempted configuration, correlated with its request.",Required,Both,implemented,bookkeeping,ServerState heartbeat_sequence/instance_id/configuration_in_progress/applied_configuration_hash/last_configuration_result,Implemented source contract with live busy-Configure and failure/invalidation tests; known local scope remains explicit.
SV022,245,FullStream.ShadowSelector,"Readback of each AXI-domain shadow selector, not the currently committed stream-domain bank.",Required,Full-stream,partial,fullstream,Internal full-stream shadow write/readback and requested-enable/active-ack polling during Configure,Add typed read-only ongoing observations with exact shadow/request/ack semantics; full-stream hardware qualification missing.
SV023,246,FullStream.EnableRequestReadback,Readback of the full-stream requested-enable bit.,Required,Full-stream,partial,fullstream,Internal full-stream shadow write/readback and requested-enable/active-ack polling during Configure,Add typed read-only ongoing observations with exact shadow/request/ack semantics; full-stream hardware qualification missing.
SV024,247,FullStream.ActiveAcknowledgement,Synchronized acknowledgement that the stream-clock domain is active.,Required,Full-stream,partial,fullstream,Internal full-stream shadow write/readback and requested-enable/active-ack polling during Configure,Add typed read-only ongoing observations with exact shadow/request/ack semantics; full-stream hardware qualification missing.
SV025,248,FullStream.LastCommittedPlan,Server record of the plan associated with the last acknowledged activation.,Required,Full-stream,partial,fullstream,Canonical applied hash includes full-stream channel plan after acknowledged activation,Hash is not an exported last committed plan/epoch; expose retained plan with ack identity and invalidation semantics.
SV029,249,Overlay.SelectedProfile,Profile actually selected by the overlay manager; compared to requested deployment profile.,Required,Both,partial,overlay,ConfiguredGatewareApp label only,"Need authoritative selected profile and comparison to requested profile, not a file label."
SV030,250,Overlay.TransitionState,"Overlay lifecycle transition state, including quiescing, unloading, loading and verification.",Required,Both,missing,overlay,No typed overlay transition/last-result producer,Consume bounded authoritative lifecycle events with identity/time; do not infer from a successful service oneshot.
SV031,251,Overlay.LastResult,Result and diagnostic from the most recent overlay transition.,Required,Both,missing,overlay,No typed overlay transition/last-result producer,Consume bounded authoritative lifecycle events with identity/time; do not infer from a successful service oneshot.
SV032,252,Telemetry.SourceTimestamp,"Time when each source sample was obtained, preserved across all forwarding interfaces.",Required,Both,partial,telemetry,Per-collector timestamps/MeasurementQuality and alarms on new observations,Legacy/cached fields and downstream forwarding lack universal preserved quality/source timestamps; NotApplicable is not a general enum state.
SV033,253,Telemetry.Quality,"Validity of each sample: Good, Stale, Invalid, Unavailable or NotApplicable.",Required,Both,partial,telemetry,Per-collector timestamps/MeasurementQuality and alarms on new observations,Legacy/cached fields and downstream forwarding lack universal preserved quality/source timestamps; NotApplicable is not a general enum state.
SV034,254,Telemetry.SampleSequence,Producer sequence/epoch metadata used to identify missing or repeated samples.,Required,Both,partial,telemetry,"Heartbeat, Configure attempt sequence and some source counters",No universal per-sample sequence/epoch; repeated timestamps or status requests are not sample-generation proof.
SV035,255,Counters.Epoch,Counter reset/initialization epoch so monitoring can distinguish reset from rollover.,Required,Self-trigger,missing,counters,No complete hardware counter reset/initialization epoch,Add explicit firmware reset/programming/counter epoch evidence; identical image reloads between samples can evade detection.
SV036,256,Counters.NativeWidth,"Native hardware width of each diagnostic counter, independent of protobuf storage type.",Required,Self-trigger,partial,counters,Some counter width metadata (e.g. management export width); trigger values use uint64,Expose actual native hardware widths per counter independently of protobuf/export width; do not label all counters 64-bit.
